{"Eval Loss": 5.188999402709977, "categorical_accuracy": 0.3386666666666667, "_timestamp": 1655216100, "_runtime": 16, "_step": 1, "_wandb": {"runtime": 21}}