{"Eval Loss": 1.4308702495460677, "categorical_accuracy": 0.36400000000000005, "_timestamp": 1655215377, "_runtime": 16, "_step": 1, "_wandb": {"runtime": 19}}