{"Eval Loss": 1.1175218309000734, "categorical_accuracy": 0.34800000000000003, "_timestamp": 1655216799, "_runtime": 50, "_step": 8, "_wandb": {"runtime": 51}}